prediction_0_for_long_1_for_short,target
0.00090194086,0
0.95780694,1
0.9443635,1
0.48511901,0
0.93691045,1
0.05992831,0
0.8876468,1
0.9233599,1
0.9870526,1
0.012139465,0
0.69847107,1
0.0044592493,0
0.99467677,1
0.9952828,1
0.018611783,0
0.9510786,1
0.991042,1
0.9821626,1
0.116669916,0
0.11551623,0
0.839268,0
0.0046938434,0
0.98381555,1
0.7984937,1
0.21783838,0
0.0023225637,0
0.0026894698,0
0.05333953,0
0.04638428,0
0.3624288,1
0.99581707,1
0.9799549,1
0.70385695,0
0.03500947,0
0.9986044,1
0.8366623,1
0.5233728,0
0.9929155,1
0.34063652,0
0.999235,1
0.99321413,1
0.098713264,0
0.81167305,1
0.70337677,1
0.9954462,1
0.019753672,0
0.0009989191,0
0.008266319,0
0.98853505,1
0.875041,1
0.12229886,0
0.0079189185,0
0.012261326,0
0.99863416,1
0.98951787,1
0.6783555,0
0.9996065,1
0.002828628,0
0.8870403,1
0.9772875,1
0.137355,0
0.9684313,1
0.99537313,1
0.005691636,0
0.9993979,1
0.9991048,1
0.0020930415,0
0.8915653,0
0.008860477,0
0.8045988,1
0.9340373,1
0.007597103,0
0.43712908,0
0.9589759,1
0.83177936,1
0.012739663,0
0.9638327,1
0.0008527368,0
0.018738698,0
0.9944679,1
0.048183057,0
0.41975322,1
0.029882545,0
0.02712505,1
0.16683,0
0.8440436,1
0.0029274053,0
0.9853441,1
0.24809298,0
0.07293236,0
0.00096883124,0
0.6324883,0
0.6936155,1
0.9946803,1
0.9502262,1
0.44740024,0
0.9633889,1
0.019645792,0
0.0037273776,0
0.0031153434,0
0.0065534925,0
0.44937962,0
0.16937035,0
0.89459836,0
0.62314147,0
0.03141562,0
0.08506983,0
0.76847464,0
0.15780239,0
0.5091705,1
0.9946631,1
0.97150123,1
0.007458067,0
0.9922271,1
0.98808897,1
0.19732071,0
0.7619572,0
0.9044148,1
0.99708825,1
0.99924326,1
0.14038657,0
0.9955176,1
0.0031677042,0
0.8879431,1
0.20424381,0
0.870299,1
0.9961217,1
0.52850896,0
0.98016465,1
0.7637274,1
0.6080614,0
0.024974989,0
0.9562284,1
0.9893285,1
0.022030799,0
0.87698346,1
0.052468546,0
0.6037252,0
0.9956686,1
0.99820805,1
0.9492909,1
0.093668,0
0.032868665,0
0.00090821786,0
0.30644032,0
0.76680493,1
0.009310369,0
0.99565184,1
0.9820112,1
0.02866276,0
0.9688147,1
0.008419536,0
0.27033928,0
0.017713586,0
0.032355677,0
0.95226747,1
0.9989215,1
0.71875477,1
0.4040268,0
0.035294477,0
0.03073014,0
0.16387177,0
0.45849615,1
0.031696334,1
0.036964167,0
0.99450284,1
0.69279927,1
0.58922,1
0.020137725,0
0.99406326,1
0.9968341,1
0.5071525,1
0.029406775,0
0.99196327,1
0.9950507,1
0.9937581,1
0.975873,1
0.0019533257,0
0.9451321,1
0.93700695,1
0.43726817,1
0.9526327,1
0.90876496,1
0.9983007,1
0.9366497,1
0.48559016,1
0.9262376,1
0.7875443,0
0.0033237624,0
0.99384034,1
0.17725918,0
0.999225,1
0.0034548808,0
0.9987656,1
0.10699546,0
0.1793859,0
0.6580678,1
0.98565996,1
0.961281,1
0.9946931,1
0.012145219,0
0.7782983,1
0.05782575,1
0.9992673,1
0.010058202,0
0.8880615,1
0.63174987,0
0.9442078,1
0.47403002,0
0.4076704,1
0.8682262,1
0.9639672,1
0.5307152,0
0.011443405,0
0.35870263,0
0.0073406016,0
0.9986437,1
0.97856605,1
0.7359292,1
0.64438593,0
0.9944531,1
0.8846348,1
0.25763044,0
0.018511925,0
0.98838294,1
0.99467146,1
0.9391221,1
0.2521262,1
0.037601292,0
0.98806876,1
0.02826054,1
0.3263478,0
0.31534365,1
0.18902852,0
0.92533076,1
0.7764601,0
0.7806109,1
0.5355681,0
0.008591068,0
0.9854623,1
0.6843074,1
0.91173565,0
0.027173538,0
0.99877995,1
0.85460776,0
0.99432266,1
0.0024072016,0
0.41001996,1
0.24486415,0
0.99770653,1
0.98472536,1
0.0035541162,0
0.9658453,1
0.26215246,0
0.716527,1
0.71286964,1
0.30519682,0
0.27728245,0
0.98253286,1
0.920749,1
0.017687948,0
0.25642353,1
0.94312793,0
0.9816311,1
0.99637634,1
0.0025396987,0
0.19664265,0
0.9879057,1
0.94154054,1
0.9992069,1
0.27691257,0
0.8303668,1
0.9353353,1
0.2641224,1
0.9973156,1
0.98630303,1
0.0088719,0
0.05751292,0
0.9649111,1
0.018031802,1
0.96958894,1
0.004144633,0
0.13682942,0
0.019894945,0
0.99449015,1
0.77598965,1
0.03696381,0
0.39054993,0
0.90975773,1
0.49463826,1
0.5184811,1
0.9784716,1
0.00074804365,0
0.12543151,1
0.986344,1
0.76565963,1
0.12791888,0
0.7227985,1
0.99033964,1
0.9293107,1
0.9938345,1
0.31263235,1
0.032178756,0
0.70920175,0
0.18994223,0
0.6371573,1
0.0032859847,0
0.9944843,1
0.9529122,1
0.31232843,0
0.26580358,0
0.99852264,1
0.045298852,0
0.89827144,1
0.010919423,0
0.99253654,1
0.9105607,1
0.74040395,1
0.9352972,1
0.32154426,0
0.09818563,0
0.9845473,1
0.88401973,1
0.00053782156,0
0.9990877,1
0.0055443617,0
0.9828102,1
0.0009300679,0
0.0029125854,0
0.98638046,1
0.76065296,1
0.978212,1
0.9452208,1
0.68638444,1
0.8173711,0
0.99886084,1
0.023303106,0
0.8404579,1
0.134909,0
0.008274481,0
0.9966054,1
0.02856328,0
0.017335858,0
0.019974817,0
0.9513,1
0.57743734,0
0.85465795,1
0.006815877,0
0.9426567,1
0.9910983,1
0.4126884,0
0.9846452,1
0.99450076,1
0.025502909,0
0.9794366,1
0.9945871,1
0.0039122174,0
0.9974082,1
0.103691086,0
0.99703825,1
0.2768063,0
0.029984066,0
0.845682,1
0.9834093,1
0.9991722,1
0.012172561,1
0.0017714251,0
0.998131,1
0.006602413,0
0.97669566,1
0.051124208,0
0.16121033,0
0.9865414,1
0.95955074,1
0.009108334,0
0.74365634,1
0.9926077,1
0.99241734,1
0.031325668,0
0.10441675,0
0.9954208,1
0.9178542,1
0.9840704,1
0.89605886,1
0.04920791,0
0.052308105,0
0.9295433,1
0.8802789,1
0.98745286,1
0.97866106,1
0.048568897,0
0.0069921343,0
0.9931019,1
0.6849969,1
0.9265526,1
0.9359047,1
0.9994111,1
0.014066165,0
0.9854914,1
0.97640264,1
0.99910337,1
0.049089372,0
0.6566721,0
0.8209952,1
0.523628,0
0.05752963,0
0.008486515,0
0.0068095466,0
0.82102853,1
0.9866182,1
0.034780923,0
0.033698056,0
0.039555915,0
0.022467498,0
0.83203,1
0.99935806,1
0.88696945,1
0.0073952316,0
0.97634697,1
0.71425337,1
0.1915595,0
0.98830396,1
0.9337343,1
0.0012993426,0
0.96889114,1
0.99768317,1
0.8829318,1
0.047961358,0
0.0031930476,0
0.99949586,1
0.9964959,1
0.98302686,1
0.8912361,1
0.91837895,1
0.27511588,0
0.9465991,1
0.010166615,0
0.6825032,1
0.9856473,1
0.0012409519,0
0.96546996,1
0.885856,1
0.9801916,1
0.9814645,1
0.98982716,1
0.8914816,1
0.51064813,1
0.5113086,0
0.752209,0
0.0102276215,0
0.94093496,1
0.91979486,1
0.8303097,1
0.9797885,0
0.8604549,1
0.763737,1
0.2826567,0
0.93423927,1
0.99299777,1
0.09966195,0
0.0023838084,0
0.99599093,1
0.52348197,1
0.954525,1
0.9956318,1
0.018470544,0
0.10925182,0
0.11651983,0
0.16938427,1
0.99920815,1
0.914433,0
0.99973667,1
0.6218926,1
0.010760781,0
0.9974953,1
0.30536434,1
0.009692554,0
0.9502083,1
0.18703264,0
0.99470484,1
0.9960023,1
0.9504644,1
0.782274,0
0.9981011,1
0.7995816,0
0.11310969,0
0.97321224,1
0.032986775,0
0.9968565,1
0.29095924,0
0.0019312219,0
0.99936855,1
0.102359995,0
0.3019117,1
0.08729019,0
0.9864435,1
0.0032614,0
0.7951714,1
0.36665747,0
0.99708664,1
0.7390795,1
0.6410439,1
0.86516654,1
0.7770255,0
0.047732133,0
0.96036613,1
0.99881756,1
0.45090327,1
0.030300688,0
0.31996208,0
0.8341199,1
0.9627137,1
0.99621695,1
0.72924095,1
0.49773628,0
0.9767749,1
0.44106856,1
0.11916224,0
0.10559292,0
0.05290672,1
0.998263,1
0.868852,1
0.14198737,0
0.9992544,1
0.82350266,1
0.36185288,0
0.99738085,1
0.84176195,0
0.9163896,1
0.0031956318,0
0.0069227936,0
0.8669593,0
0.004309101,0
0.7982386,1
0.02130477,0
0.46787485,1
0.9760607,1
0.009086746,0
0.77011114,1
0.8439449,1
0.9880064,1
0.9959737,1
0.0068273717,0
0.3276437,1
0.3089078,1
0.995921,1
0.034450322,0
0.064229056,0
0.01267953,0
0.1390523,0
0.96319026,1
0.98509866,1
0.95900047,1
0.01209989,0
0.041563682,0
0.9857208,1
0.0036631445,0
0.9852401,1
0.98715335,1
0.024910962,0
0.03816287,0
0.951568,1
0.17786789,0
0.0037164576,0
0.014185476,0
0.9849866,1
0.98461354,1
0.9841963,1
0.9934295,1
0.97805893,1
0.9970317,1
0.30377042,0
0.83933526,1
0.9970975,1
0.056141894,1
0.06235819,0
0.9969176,1
0.0077598756,0
0.99627316,1
0.01309474,0
0.98081553,1
0.083101854,0
0.014277223,0
0.77308154,1
0.0022523787,0
0.045464456,0
0.91623354,1
0.9786156,1
0.095580935,0
0.2494572,0
0.5750845,0
0.0056538223,0
0.37060085,1
0.09864415,0
0.98990524,1
0.9544832,1
0.11176829,1
0.9372014,1
0.004193541,0
0.008502383,0
0.8986491,1
0.9269868,1
0.13518223,0
0.99529326,1
0.012411967,0
0.99848473,1
0.113725446,0
0.94268787,1
0.33594257,0
0.0077962815,0
0.96429455,1
0.9918286,1
0.9918154,1
0.070326276,0
0.9362553,1
0.9979599,1
0.999276,1
0.9968031,1
0.71426886,1
0.9593512,1
0.6780725,0
0.44181496,1
0.83568895,1
0.98493814,1
0.9973938,1
0.99192315,1
0.98285884,1
0.9995788,1
0.99040586,1
0.99864405,1
0.6383613,1
0.005298574,0
0.9957487,1
0.99548644,1
0.9980105,1
0.73065615,1
0.9743248,1
0.0017428708,0
0.060459822,1
0.99096763,1
0.24027376,0
0.27550894,0
0.009977252,0
0.95764434,1
0.99628556,1
0.9643526,1
0.9838315,1
0.011254723,0
0.9856127,1
0.9721135,1
0.006154666,0
0.8989895,1
0.26221552,0
0.998186,1
0.9395839,1
0.9273566,1
0.99798834,1
0.9971277,1
0.76175755,1
0.9364921,1
0.33656755,0
0.9943706,1
0.013487386,0
0.27359492,1
0.23307535,0
0.070534006,0
0.99505883,1
0.66766596,0
0.9420366,1
0.01804545,0
0.9638797,1
0.97817075,1
0.8795174,1
0.0023995577,0
0.8909861,1
0.5313525,1
0.102892146,0
0.06338184,0
0.773453,1
0.009772925,0
0.0027419184,0
0.52095515,1
0.0037359209,0
0.9920848,1
0.9880784,1
0.7815902,1
0.9860326,1
0.07438095,0
0.96019423,1
0.38837686,0
0.88011014,0
0.9981591,1
0.0015965862,0
0.3035893,0
0.81827223,1
0.51561254,0
0.99885446,1
0.93127906,1
0.9029827,1
0.77074164,0
0.99453723,1
0.0038587234,0
0.9638535,1
0.955217,1
0.57322705,1
0.77854353,1
0.9600012,1
0.2915427,0
0.9666373,1
0.68658525,0
0.00702421,0
0.012467864,0
0.5016099,0
0.56811696,1
0.9934475,1
0.39440835,0
0.015106304,0
0.9883615,1
0.3525722,0
0.45213738,0
0.9991168,1
0.27137247,0
0.9901077,1
0.0021924619,0
0.004967965,0
0.28663293,1
0.9953278,1
0.34153947,0
0.55420095,1
0.010277058,0
0.11637304,0
0.9144295,1
0.009773215,0
0.036093995,0
0.02080208,0
0.0031299859,0
0.0010833642,0
0.045361646,0
0.42704096,1
0.057849802,0
0.021816276,0
0.9962246,1
0.106471255,1
0.60677814,1
0.9971798,1
0.2844487,0
0.77074677,1
0.47173104,1
0.3851361,0
0.97669935,1
0.9925786,1
0.9965851,1
0.8445366,1
0.9893813,1
0.007316469,0
0.6985481,1
0.0029816038,0
0.9966132,1
0.04310353,0
0.037346296,0
0.9539677,1
0.59698445,0
0.020577472,0
0.99153346,1
0.9901168,1
0.0014410581,0
0.01652372,0
0.04437033,0
0.23369715,0
0.33782625,0
0.9889029,1
0.8981625,1
0.012111392,0
0.98560935,1
0.6510586,1
0.29827997,1
0.97262955,1
0.98701775,1
0.0006745601,0
0.0052512116,0
0.96201116,1
0.9680923,1
0.01042145,0
0.9307474,1
0.04040758,0
0.99240077,1
0.13352771,0
0.15311077,0
0.016302899,0
0.9994799,1
0.73119944,0
0.22568533,0
0.06992297,0
0.9968394,1
0.9294448,0
0.96101075,1
0.96164817,1
0.99823344,1
0.0118487375,0
0.98778903,1
0.92474663,1
0.087109946,0
0.998731,1
0.017478764,0
0.81441844,0
0.05648725,0
0.0106426,0
0.9986116,1
0.57307136,0
0.9900738,1
0.9178522,1
0.15851972,1
0.6008919,1
0.5244061,0
0.36388952,0
0.21518913,0
0.9127065,1
0.9454981,1
0.0010643917,0
0.016619684,0
0.20669799,0
0.99941766,1
0.5892056,1
0.9991149,1
0.97367936,1
0.99734867,1
0.22528711,0
0.033885807,0
0.95887786,1
0.97949916,1
0.81747496,1
0.3856422,0
0.25457108,0
0.9932674,1
0.19210869,0
0.9780914,1
0.9965844,1
0.23777616,0
0.16158864,0
0.8492123,0
0.046634316,0
0.0040378035,0
0.0653942,0
0.9920374,1
0.85953414,1
0.9842184,1
0.9590688,1
0.07228466,0
0.999798,1
0.08710938,0
0.78624,1
0.78948617,1
0.26190987,1
0.3410686,0
0.8804854,1
0.8501681,1
0.9978917,1
0.065609165,0
0.6908357,0
0.938202,1
0.9928625,1
0.088975556,0
0.786394,0
0.8314354,0
0.45446557,0
0.97438014,1
0.9607464,1
0.85571843,1
0.51521903,0
0.9752091,1
0.03151125,0
0.024386214,0
0.0024324257,0
0.13585654,0
0.98920363,1
0.0049103196,0
0.97304714,1
0.9969584,1
0.005869452,0
0.9037884,1
0.90236866,1
0.9776829,1
0.744823,1
0.97777784,1
0.9832001,1
0.9990529,1
0.9924666,1
0.9719928,1
0.006195121,0
0.87188864,1
0.092203006,0
0.99141014,1
0.06258142,0
0.9956204,1
0.97874343,1
0.0005810252,0
0.1063393,0
0.017911632,0
0.93198407,1
0.99156123,1
0.6321882,1
0.98807466,1
0.031035358,0
0.054545604,1
0.98575526,1
0.0018287802,0
0.01083799,0
0.97512853,1
0.96913373,1
0.206283,0
0.018850297,0
0.92336,1
0.61053586,1
0.99962723,1
0.6434078,1
0.021072123,0
0.06105094,0
0.9393307,1
0.79844534,1
0.8024186,0
0.831339,0
0.9825338,1
0.9945468,1
0.93114406,1
0.76235384,1
0.92667496,1
0.90919256,0
0.9900017,1
0.039148632,0
0.992293,1
0.008002938,0
0.99853504,1
0.97186124,1
0.3532359,0
0.5822638,1
0.9913999,1
0.049614716,0
0.010790725,0
0.9985158,1
0.09720986,0
0.0019394581,0
0.08192886,0
0.020166758,0
0.57867616,1
0.0024005864,0
0.9966308,1
0.0782654,0
0.0049974285,0
0.021468112,0
0.9555193,1
0.9346506,1
0.8532936,1
0.34170386,0
0.008340044,0
0.9992112,1
0.806708,1
0.89578354,1
0.9976288,1
0.00401257,0
0.013003828,0
0.23408492,0
0.9705883,1
0.02956065,0
0.9970485,1
0.0069122612,0
0.69595915,1
0.9797816,1
0.056522,0
0.0048931083,0
0.045707703,0
0.80028117,1
0.9220341,1
0.5521158,0
0.78943944,1
0.960034,1
0.668844,1
0.09010146,0
0.99391127,1
0.9236361,1
0.9926823,1
0.99271786,1
0.44655362,0
0.10804267,0
0.030359441,0
0.45133153,1
0.98687065,1
0.15686955,0
0.9082678,0
0.0009891745,0
0.947419,1
0.0016146025,0
0.29958788,0
0.99344957,1
0.06485685,0
0.08210561,0
0.99375784,1
0.37902832,0
0.0026299949,0
0.0029616584,0
0.97854435,1
0.9968606,1
0.9732361,1
0.9467398,1
0.9129313,1
0.28565714,1
0.9961357,1
0.01943255,0
0.5627437,1
0.011109988,0
0.17577791,0
0.89415586,1
0.17183287,0
0.95233595,1
0.8687145,1
0.93561184,1
0.9290064,1
0.60429066,0
0.029194713,0
0.22716907,0
0.060514826,0
0.97340715,1
0.076192655,0
0.60882026,0
0.9960411,1
0.53395665,1
0.0063606077,0
0.8583887,1
0.4791278,0
0.06736815,0
0.99679697,1
0.9630741,1
0.6912359,0
0.34412533,0
0.98855305,1
0.39714876,0
0.56592464,1
0.9874644,1
0.66399884,0
0.9346477,1
0.022109753,0
0.37680295,1
0.98771936,1
0.024366256,0
0.1049044,0
0.65640664,0
0.012568416,0
0.38579005,1
0.08205955,0
0.009817263,0
0.62737244,0
0.9587868,1
0.9786264,1
0.9973496,1
0.010392492,0
0.18927854,1
0.98918474,1
0.9625309,1
0.14868294,0
0.0066715316,0
0.050315924,0
0.9870001,1
0.99366885,1
0.79573184,1
0.053274505,0
0.9667926,1
0.8982603,1
0.7395303,0
0.004754999,0
0.9917979,1
0.9943837,1
0.8107993,1
0.9363791,1
0.13548829,0
0.016968956,0
0.97361106,1
0.9972556,1
0.095646806,0
0.010575103,0
0.7751228,1
0.9825937,1
0.001257143,0
0.0017038252,0
0.87166154,1
0.008224689,0
0.5092205,0
0.96543586,1
0.99710304,1
0.8202454,1
0.013946908,0
0.008972886,0
0.004355493,0
0.20502153,0
0.0035551519,0
0.990524,1
0.9751581,1
0.92175686,1
0.9991809,1
0.9986618,1
0.0035498987,0
0.011032081,0
0.014763011,0
0.98937666,1
0.20260362,0
0.25479805,0
0.9967302,1
0.87846166,0
0.740724,1
0.07621885,0
0.067668244,0
0.020104045,0
0.97941923,1
0.8705619,1
0.94535846,1
0.054238718,0
0.9849475,1
0.9266369,1
0.002628882,0
0.9818236,1
0.64718705,1
0.007100613,0
0.015544231,0
0.8310703,1
0.99487746,1
0.99755937,1
0.0145316245,0
0.73997813,1
0.92852294,1
0.9989356,1
0.3791859,0
0.06366982,0
0.9954189,1
0.9930192,1
0.9630283,1
0.81573594,1
0.9799615,1
0.018402858,0
0.96832675,1
0.20703764,0
0.9569446,1
0.85442007,1
0.98888224,1
0.98830366,1
0.18980707,0
0.96724063,0
0.0058141076,0
0.9989937,1
0.028725121,0
0.0109149115,0
0.0026978347,0
0.023433946,0
0.98707753,1
0.088352524,0
0.9768553,1
0.99781495,1
0.5068244,1
0.4018279,1
0.34172732,0
0.99877244,1
0.971931,1
0.93214834,0
0.99275744,1
0.0024136938,0
0.055875428,0
0.7215662,1
0.96482813,1
0.97948706,1
0.017750552,0
0.87400615,0
0.05546949,0
0.019556073,0
0.9991657,1
0.96171886,1
0.050261445,0
0.5312887,1
0.53466415,1
0.05027482,0
0.9950446,1
0.1632651,0
0.9168477,1
0.9658516,1
0.9987565,1
0.99655044,1
0.9129993,1
0.72345537,1
0.006302271,0
0.98700124,1
0.99723613,1
0.85983765,1
0.5150116,0
0.507841,1
0.006887472,0
0.020481786,0
0.004208222,0
0.99332154,1
0.47137412,1
0.998075,1
0.9964344,1
0.028950458,0
0.9951755,1
0.68792456,1
0.98916686,1
0.007507113,0
0.97243196,1
0.92674005,1
0.87460786,0
0.0026953942,0
0.87207717,1
0.41381198,1
0.04822846,0
0.90048903,1
0.96544105,1
0.1191468,0
0.8320421,1
0.97244436,1
0.99677837,1
0.9927484,1
0.97491676,1
0.8199297,0
0.06853839,0
0.08156518,1
0.08330827,0
0.9978884,1
0.7407582,1
0.9557808,0
0.21512115,0
0.99758136,1
0.8723585,1
0.4795416,1
0.04647726,0
0.47389966,0
0.6965376,1
0.06579155,0
0.0009108203,0
0.96435374,1
0.99020135,1
0.3242162,0
0.917099,1
0.0033216085,0
0.787726,1
0.997604,1
0.25212517,0
0.004534659,0
0.986488,1
0.08917903,0
0.99648935,1
0.3769309,1
0.9977313,1
0.2580638,0
0.9293316,1
0.9675678,0
0.025081014,0
0.9955195,1
0.9692205,1
0.5719356,1
0.92147845,1
0.09369659,1
0.5967666,1
0.9989749,1
0.99744904,1
0.00951089,0
0.09635782,0
0.02222905,0
0.9396354,1
0.99325734,1
0.010045804,0
0.006664072,0
0.9944151,1
0.95667326,1
0.99350387,1
0.99398994,1
0.15640979,1
0.042979844,1
0.24614997,1
0.033421196,0
0.90590346,1
0.99704134,1
0.7279355,0
0.32097223,0
0.113633946,0
0.024790147,0
0.0039632902,0
0.029095113,0
0.99328864,1
0.006760308,0
0.9989108,1
0.974229,1
0.6195022,0
0.010878387,0
0.997224,1
0.8301407,1
0.25327516,0
0.9928476,1
0.9982101,1
0.99725044,1
0.98566306,1
0.012426389,0
0.2835188,0
0.46579903,1
0.0072597563,0
0.016490983,0
0.36516568,0
0.35378903,0
0.09532103,0
0.21079592,0
0.005961001,0
0.9637127,1
0.14215258,0
0.99816006,1
0.0071042986,0
0.99016106,1
0.25920933,1
0.6376823,0
0.6998263,0
0.75238544,1
0.85244167,1
0.19981857,0
0.9760825,1
0.9204561,1
0.42992777,0
0.62090224,1
0.9867552,1
0.0079380395,0
0.09139594,0
0.9577686,1
0.9992903,1
0.043104142,0
0.7792338,0
0.29072142,0
0.7119204,1
0.027146045,0
0.8729366,1
0.75406,1
0.015293467,0
0.9457289,1
0.63655037,0
0.7740257,1
0.10626483,0
0.998171,1
0.15454978,0
0.078040704,0
0.06082763,0
0.030997362,0
0.86724913,0
0.39091766,1
0.015299736,0
0.887012,1
0.95951974,1
0.60392183,0
0.99021053,1
0.8373636,1
0.26446122,1
0.0049084164,0
0.99479043,1
0.9818689,1
0.7134062,1
0.99864215,1
0.6594585,1
0.03214805,0
0.045645513,0
0.9840294,1
0.4182678,0
0.0114479,0
0.0975892,0
0.030127075,0
0.98488045,1
0.99774563,1
0.0024390311,0
0.99642193,1
0.74775887,0
0.5896266,1
0.9745532,1
0.9984149,1
0.8440765,1
0.97867775,1
0.80809224,1
0.23066464,0
0.95671844,1
0.015968425,0
0.98123056,1
0.9965418,1
0.011819623,0
0.114210665,0
0.99746335,1
0.9884985,1
0.81899035,1
0.5740272,1
0.003000763,0
0.95961016,1
0.98824245,1
0.4143967,0
0.22268328,1
0.7394479,1
0.0077302144,0
0.503599,1
0.9523424,1
0.97702676,1
0.0401323,0
0.014829425,0
0.40831417,0
0.9991821,1
0.9963969,1
0.03327993,0
0.77062786,1
0.004402338,0
0.0026856433,0
0.0070233317,0
0.21542099,1
0.9482459,1
0.98299533,1
0.0132901985,0
0.19621493,0
0.9383794,0
0.0058867442,0
0.9190118,1
0.6767243,1
0.5659086,0
0.003532286,0
0.9976772,1
0.9974947,1
0.9928602,1
0.14376284,0
0.8113402,1
0.0008412191,0
0.41797018,0
0.95086944,1
0.06952317,0
0.9984845,1
0.97610176,1
0.18314742,0
0.08426439,0
0.99920404,1
0.044042815,0
0.98456776,1
0.051940344,0
0.5402978,1
0.9985429,1
0.024817806,0
0.169946,0
0.15483214,0
0.9922985,1
0.086133346,0
0.0007375758,0
0.9902174,1
0.027352322,0
0.99628055,1
0.9626497,1
0.4843924,1
0.0062895836,0
0.45802802,0
0.97833586,1
0.99916875,1
0.9873694,0
0.28524813,1
0.9917239,1
0.9244462,1
0.009555066,0
0.04604143,0
0.0040014866,0
0.26969102,0
0.9557751,1
0.031118244,0
0.17511664,0
0.13593286,0
0.0025766054,0
0.03498146,0
0.2141526,0
0.9313315,1
0.9978975,1
0.029373456,0
0.11168321,1
0.028281774,0
0.9836882,1
0.94433725,0
0.99946135,1
0.04937858,0
0.6684313,0
0.48289698,1
0.25639942,0
0.041165918,0
0.7827323,1
0.9812071,1
0.0041573886,0
0.99839324,1
0.82494223,0
0.87161434,1
0.005201612,0
0.51338905,1
0.49026975,1
0.12332527,0
0.00094065256,0
0.72681785,0
0.99885523,1
0.0065793945,0
0.7845274,1
0.9313701,1
0.031520188,0
0.9989335,1
0.12261093,0
0.16890012,0
0.90552217,1
0.41696772,0
0.9978589,1
0.9269794,0
0.012570547,0
0.9748233,1
0.03691518,0
0.0022825305,0
0.33245355,0
0.76537156,1
0.9823704,1
0.95078343,1
0.5983245,1
0.6008341,1
0.9917792,1
0.32910213,0
0.33679566,1
0.9010022,1
0.9861849,1
0.015804412,0
0.781826,0
0.93269473,1
0.06679287,0
0.9986842,1
0.15504608,0
0.906072,1
0.0045751194,0
0.006475784,0
0.53588694,0
0.4020272,1
0.8645852,1
0.9942133,1
0.97140133,1
0.99816436,1
0.9888624,1
0.955562,1
0.6315537,0
0.9933437,1
0.99250203,1
0.011438573,0
0.9231154,1
0.98682964,1
0.5920456,1
0.70927775,0
0.45780176,0
0.95846856,1
0.09837556,0
0.9757845,1
0.9816368,1
0.5766551,1
0.93772095,1
0.9123088,1
0.99758923,1
0.0034540533,0
0.122544505,0
0.95600396,1
0.9791005,1
0.42386222,0
0.95837575,1
0.031127606,0
0.99755543,1
0.035234317,0
0.966149,1
0.36048993,0
0.9037744,1
0.9933755,1
0.7281028,0
0.9724377,1
0.12910329,0
0.9267782,1
0.99785835,1
0.9412552,1
0.013955126,0
0.004163145,0
0.68183565,1
0.42645437,1
0.64043224,1
0.9925154,1
0.22726461,0
0.012484443,0
0.11376481,0
0.048762772,0
0.55614257,1
0.872805,1
0.15648039,0
0.0042601177,0
0.13175727,0
0.18269095,0
0.0012385289,0
0.10749545,0
0.9377103,1
0.9809025,1
0.9350666,1
0.93100166,1
0.9986186,1
0.003303259,0
0.9953555,1
0.9925653,1
0.8994473,0
0.05735894,0
0.9826132,1
0.101470694,0
0.005684802,0
0.9913815,1
0.14649968,0
0.99733365,1
0.50940824,1
0.003628897,0
0.0060154595,0
0.59888583,0
0.9968928,1
0.07122368,0
0.14369,0
0.0032418496,0
0.99720585,1
0.9172927,1
0.9318472,1
0.77200913,1
0.8553869,1
0.0042281128,0
0.92457294,1
0.98998654,1
0.9982174,1
0.9932402,1
0.95649177,1
0.7818875,1
0.999591,1
0.0010979939,0
0.23355131,0
0.05560211,0
0.046808735,0
0.98357725,1
0.88833225,1
0.020094268,0
0.510033,0
0.10448305,1
0.98376644,1
0.56486356,0
0.99918664,1
0.68153244,1
0.9986369,1
0.06822132,0
0.9894063,1
0.879193,1
0.98786557,1
0.8545143,1
0.00987295,0
0.9971019,1
0.016636847,0
0.14496146,0
0.9764916,1
0.80147827,0
0.008832665,0
0.9969946,1
0.0052381633,0
0.8533171,1
0.3079664,0
0.00708209,0
0.96922386,1
0.9679557,1
0.99432915,1
0.0048668054,0
0.93027985,1
0.99656504,1
0.15821306,0
0.028683608,0
0.934333,1
0.017887667,0
0.9976724,1
0.94902676,1
0.03434202,0
0.9980833,1
0.0729559,0
0.001518323,0
0.99768317,1
0.0043166773,0
0.28048527,1
0.9991783,1
0.01055859,0
0.9857502,1
0.99506605,1
0.16716324,0
0.9918332,1
0.99095744,1
0.054449696,0
0.9974865,1
0.85947865,1
0.15454993,0
0.99669266,1
0.9784497,1
0.9972264,1
0.9890183,1
0.38426995,1
0.99909675,1
0.9994294,1
0.71056145,1
0.027847875,0
0.6013803,1
0.87599194,0
0.90955937,0
0.9990904,1
0.0012446127,0
0.8799545,1
0.9012475,0
0.99855405,1
0.00218027,0
0.6269706,1
0.6707634,1
0.998947,1
0.9583872,1
0.87119484,1
0.8051721,1
0.99879825,1
0.9873646,1
0.98315364,1
0.9951817,1
0.9921133,1
0.0038260117,0
0.20250818,0
0.75696695,1
0.12961304,0
0.13070987,0
0.12663159,0
0.17656694,0
0.97863424,1
0.48896068,0
0.35490426,0
0.91609746,1
0.16148075,0
0.99948347,1
0.7455407,1
0.004721949,0
0.674526,1
0.0045124074,0
0.9974203,1
0.9658367,1
0.95293486,1
0.024959575,0
0.9966191,1
0.9826994,1
0.93528855,0
0.22885819,1
0.9956148,1
0.9694978,1
0.05706442,0
0.02801165,0
0.004386335,0
0.0052350187,0
0.32140082,0
0.02091062,0
0.96850574,1
0.9886246,1
0.98257387,1
0.9987173,1
0.34477112,0
0.99882257,1
0.038798753,0
0.11263615,0
0.9929716,1
0.6091808,1
0.70126075,0
0.05895065,0
0.76694196,1
0.62627125,1
0.99480474,1
0.9969414,1
0.0090941945,0
0.11282234,0
0.28587747,0
0.9920209,1
0.010918711,0
0.9954106,1
0.02246659,0
0.9818574,1
0.76391757,1
0.7777461,1
0.016176647,0
0.96356755,1
0.018702606,0
0.5572331,1
0.99172497,1
0.31509703,1
0.81623936,1
0.98073596,1
0.0034854456,0
0.9864403,1
0.0006475001,0
0.0036274355,0
0.99887073,1
0.004017837,0
0.07335158,0
0.12532946,0
0.42524475,0
0.12115286,0
0.017701035,0
0.013742101,0
0.90515316,1
0.170487,0
0.88042676,1
0.9979664,1
0.96934855,1
0.0007935831,0
0.09576017,0
0.003076114,0
0.9840292,1
0.8435923,1
0.029186869,0
0.97105837,1
0.9889949,1
0.95228577,1
0.0035023582,0
0.011447852,0
0.3041957,0
0.005711659,0
0.10441198,0
0.72407484,0
0.18268485,0
0.12140007,0
0.9549898,1
0.18718581,1
0.04354333,0
0.9977139,1
0.9594582,1
0.8098215,1
0.0848203,0
0.91496027,1
0.9572145,1
0.43845683,1
0.01240187,0
0.06662478,0
0.9948269,1
0.9857092,1
0.9837967,1
0.113082506,1
0.07305345,0
0.74397904,1
0.039185565,0
0.6176799,0
0.9314537,1
0.9053073,1
0.007937404,0
0.9798025,1
0.6142415,0
0.33836514,1
0.96644896,1
0.43622154,1
0.9612583,1
0.67169285,1
0.9973005,1
0.9962939,1
0.897164,1
0.08548656,0
0.9922932,1
0.116790295,0
0.21012326,0
0.88587636,1
0.9628395,1
0.0053002904,0
0.8306839,0
0.037088145,0
0.1613803,0
0.99438965,1
0.99631345,1
0.0052130683,0
0.8977445,1
0.0029169437,0
0.28745368,0
0.00682688,0
0.009794239,0
0.014539583,0
0.28070578,0
0.020279465,0
0.11817628,0
0.04433969,0
0.18304405,0
0.028808791,0
0.41776523,0
0.13342227,0
0.90333,0
0.69570917,1
0.99942476,1
0.33604556,1
0.20165956,1
0.02525798,1
0.99836415,1
0.33053026,0
0.32794884,0
0.9532341,1
0.0017030176,0
0.9770385,1
0.9937518,1
0.89304274,0
0.14895082,0
0.9973199,1
0.0016840661,0
0.8465711,1
0.19030012,1
0.9832617,1
0.2980912,0
0.008789962,0
0.16215357,0
0.97839034,1
0.9945663,1
0.108796574,0
0.7496497,1
0.18607163,0
0.96121246,0
0.6524644,1
0.0008007373,0
0.36976972,0
0.011784805,0
0.21757953,0
0.6335061,0
0.36399347,1
0.10501236,0
0.999442,1
0.49703676,0
0.0012146587,0
0.6954353,1
0.97735864,1
0.97127885,1
0.050378453,0
0.0022953541,0
0.02808612,0
0.9699122,0
0.09378577,0
0.08412086,0
0.07820647,0
0.24512926,0
0.07237475,1
0.9428469,1
0.660115,1
0.9768435,1
0.9759234,1
0.72709584,1
0.06123545,0
0.17605682,1
0.9375578,1
0.24944055,1
0.0073058144,0
0.9948944,1
0.03836661,0
0.97688067,1
0.077524886,0
0.97945297,1
0.086803064,0
0.3432993,0
0.012312048,0
0.5758079,0
0.09318101,0
0.89043313,1
0.19153243,1
0.8598261,1
0.09833779,1
0.012465745,0
0.16464962,0
0.010204815,0
0.9218346,1
0.09892076,0
0.008343732,0
0.20997004,0
0.18251939,0
0.99892455,1
0.8851779,1
0.0014412606,0
0.005762437,0
0.50060457,0
0.88609684,1
0.8947007,1
0.052517425,0
0.0025061285,0
0.5850131,0
0.9935981,1
0.23993096,1
0.07394519,0
0.6102313,1
0.91654956,1
0.9944855,1
0.9780758,1
0.40428606,0
0.9143888,1
0.9030274,1
0.12880297,0
0.0015229507,0
0.68795925,1
0.1717376,0
0.37894717,0
0.03130651,0
0.2011867,1
0.77740026,1
0.010638981,0
0.9246548,1
0.9972538,1
0.1541558,0
0.92022437,1
0.9187209,1
0.4382485,1
0.76846564,1
0.17704166,0
0.9765302,1
0.996498,1
0.92497176,1
0.107174814,1
0.1746045,1
0.9898163,1
0.8753618,1
0.015681135,0
0.99700725,1
0.99726564,1
0.7763389,1
0.99628323,1
0.98732245,1
0.08628781,0
0.98371327,1
0.11711256,0
0.9185592,0
0.99601287,1
0.93904865,1
0.873202,1
0.9883394,1
0.50704896,1
0.9822172,1
0.18415573,0
0.23592189,1
0.9456091,1
0.057254385,0
0.0009935437,0
0.3612707,0
0.5733479,1
0.98011506,1
0.9780675,1
0.81868535,1
0.04738803,0
0.97184455,1
0.21134941,1
0.99153936,1
0.99711025,1
0.9141427,1
0.00090572314,0
0.8353178,1
0.003743581,0
0.3017845,0
0.9981028,1
0.14501429,0
0.0783807,0
0.9736613,1
0.900483,1
0.99391764,1
0.98671687,1
0.93682307,1
0.9941081,1
0.017733948,0
0.89540875,1
0.9960784,1
0.004433439,0
0.94499254,1
0.9938091,1
0.00479641,0
0.9976984,1
0.99900067,1
0.9789421,1
0.03528003,0
0.87194574,1
0.015536426,0
0.8414286,1
0.004380656,0
0.2613552,0
0.83356875,0
0.01711368,0
0.99828225,1
0.99570864,1
0.13220882,0
0.98783076,1
0.20272128,0
0.9807145,1
0.16411398,0
0.023920028,0
0.0016604615,0
0.16712685,0
0.8393766,1
0.047534335,0
0.112236165,0
0.16330913,0
0.002208103,0
0.005793852,0
0.9860908,1
0.9698123,1
0.6639567,0
0.0020538268,0
0.008557623,0
0.960142,1
0.9829191,1
0.8659808,1
0.012606862,0
0.031292982,0
0.9076158,0
0.79852355,1
0.9695307,1
0.27114287,1
0.040007073,0
0.6479129,1
0.015443022,0
0.99028003,1
0.11729778,1
0.92559737,1
0.9892744,1
0.98939055,1
0.09524607,0
0.99601495,0
0.038112342,0
0.99939764,1
0.99253464,1
0.057143867,0
0.66459846,1
0.027477289,0
0.007039183,0
0.041549593,0
0.54834265,0
0.021064501,0
0.9991061,1
0.9991028,1
0.9754017,1
0.9956697,1
0.22608534,1
0.34929702,1
0.9157216,1
0.98900473,1
0.91654414,1
0.9743427,1
0.014063919,0
0.7335902,0
0.99030066,1
0.9862324,1
0.9968375,1
0.9002918,1
0.4270157,0
0.83827984,0
0.9856065,1
0.9978577,1
0.24582532,0
0.726097,1
0.9826705,1
0.9945976,1
0.0016250948,0
0.11399232,0
0.15540612,0
0.91584474,0
0.096056364,0
0.32873157,1
0.9970647,1
0.2923544,0
0.99543446,1
0.88261634,0
0.25781798,0
0.99432135,1
0.005249829,0
0.9747065,1
0.014407123,0
0.02551812,0
0.92974555,1
0.93046874,1
0.028684009,0
0.99683267,1
0.52597415,1
0.9653732,1
0.93991673,1
0.9560548,1
0.9958094,1
0.92752093,1
0.19051628,0
0.47509727,0
0.06383552,0
0.9084486,1
0.000936092,0
0.9977214,1
0.024519905,0
0.97287905,1
0.9990347,1
0.021183956,0
0.9364241,1
0.011694614,0
0.99080294,1
0.968087,1
0.09208007,0
0.9988977,1
0.9554294,1
0.99070156,1
0.21367781,0
0.9840716,1
0.0016239121,0
0.73040664,0
0.99279356,1
0.99871826,1
0.98651296,1
0.13095346,0
0.2038841,0
0.025955152,0
0.003760778,0
0.019290175,0
0.9925524,1
0.9785856,1
0.98070383,1
0.9874455,1
0.38144845,1
0.98971546,1
0.21078631,0
0.89906293,1
0.9901794,1
0.99415225,1
0.04141196,0
0.045711454,0
0.8724039,1
0.99881536,1
0.06468011,0
0.9973403,1
0.5526772,0
0.9900681,1
0.090215065,0
0.9807153,1
0.39953518,0
0.003709693,0
0.9978453,1
0.03401092,0
0.09080684,0
0.8366157,0
0.9856,1
0.99849606,1
0.19158709,0
0.08726681,0
0.012631168,0
0.06492478,0
0.026781697,0
0.98328906,1
0.9940387,1
0.1602398,0
0.11715146,1
0.9932071,1
0.2834508,1
0.59797245,0
0.165283,0
0.037563592,0
0.0309351,0
0.0077678463,0
0.013627743,0
0.90055037,1
0.85923165,1
0.99849594,1
0.40396255,1
0.0028714996,0
0.938326,1
0.013590259,0
0.22239551,0
0.17699616,1
0.77073187,0
0.98425496,1
0.015592325,0
0.47305006,1
0.9968225,1
0.13393424,0
0.8647493,0
0.9446492,1
0.8486575,1
0.9984363,1
0.99863803,1
0.32279447,0
0.37240225,0
0.9705637,1
0.0622273,0
0.009926535,0
0.4279948,1
0.0045949845,0
0.3511981,0
0.5528617,1
0.9659165,1
0.71244717,0
0.028145457,0
0.016369946,0
0.9892155,1
0.176342,0
0.992658,1
0.0027296296,0
0.9540914,1
0.017930053,0
0.003911792,0
0.010659323,0
0.9980017,1
0.9695479,1
0.09659535,0
0.025211891,0
0.7048222,1
0.016338158,0
0.5778597,0
0.003224513,0
0.87579906,1
0.9971522,1
0.999204,1
0.056217987,0
0.8809315,0
0.024306918,0
0.2566116,0
0.31580713,1
0.015979271,0
0.078146346,0
0.9983779,1
0.76909584,0
0.052568596,0
0.079451464,0
0.9974124,1
0.068191186,0
0.7653507,1
0.013891727,0
0.99451816,1
0.9658143,1
0.05444507,0
0.37156814,0
0.99877805,1
0.68297035,0
0.023645304,0
0.21216436,0
0.8549234,1
0.9772607,1
0.23030123,0
0.19235246,1
0.99767697,1
0.0065132705,0
0.48272413,1
0.9687089,1
0.9447113,0
0.95064145,1
0.99488974,1
0.5631199,1
0.28119475,0
0.2503105,1
0.42199835,0
0.9975554,1
0.2408612,0
0.29405612,0
0.9962486,1
0.987912,1
0.06631918,0
0.090063564,0
0.89739484,0
0.9996864,1
0.8860958,1
0.9878391,1
0.974054,1
0.024417229,0
0.0061347596,0
0.23777568,0
0.84047335,1
0.9950391,1
0.689991,1
0.09544787,0
0.07056541,0
0.011016246,0
0.33354673,0
0.85927355,1
0.0019270133,0
0.025007796,0
0.042734884,0
0.41201743,1
0.25476226,1
0.046885505,0
0.022373509,0
0.99908245,1
0.308191,0
0.005784679,0
0.9779523,1
0.9986064,1
0.8910405,1
0.873184,1
0.98596346,1
0.6647288,0
0.004058073,0
0.026213136,0
0.055204343,0
0.01991891,0
0.1109672,0
0.98815376,1
0.9506977,1
0.017741475,0
0.008163446,0
0.0068651983,0
0.99654615,1
0.9709905,1
0.27399883,1
0.99855214,1
0.92224616,1
0.0024798987,0
0.030460324,0
0.0030662403,0
0.5008944,1
0.2296823,1
0.03321582,0
0.726978,1
0.9760026,1
0.94762117,1
0.016373793,0
0.9954813,1
0.03848191,0
0.9974739,1
0.9986845,1
0.011555932,0
0.9993857,1
0.8891613,1
0.016257934,0
0.08796412,0
0.94160956,1
0.9969758,1
0.006650538,0
0.012930339,0
0.97844076,1
0.86364305,1
0.005185281,0
0.18361601,0
0.97766227,0
0.90686405,1
0.9962614,1
0.82972443,1
0.016236838,0
0.017807834,0
0.0025685509,0
0.0016278846,0
0.86023414,1
0.42049384,1
0.27875125,0
0.88818854,1
0.96662605,1
0.99740297,1
0.010699949,0
0.9390833,1
0.8608757,1
0.5998948,1
0.021938434,0
0.99927694,1
0.9952959,1
0.05025946,0
0.45683986,1
0.76273954,1
0.9549181,1
0.3215238,0
0.27295762,0
0.0055975663,0
0.9882803,1
0.0062765134,0
0.00055434596,0
0.85040104,1
0.9882871,1
0.80132467,1
0.009158037,0
0.002421931,0
0.035076175,0
0.8159076,1
0.99569243,1
0.685028,1
0.6058143,1
0.00086663023,0
0.9967977,1
0.99786013,1
0.9682232,1
0.99551564,1
0.67706174,0
0.9046184,1
0.82904786,1
0.27158052,0
0.0024693275,0
0.9979769,1
0.9841114,1
0.99607277,1
0.06335689,0
0.7826852,1
0.56853586,0
0.98352635,1
0.00981934,0
0.014933577,0
0.96157694,0
0.9990538,1
0.576134,0
0.27737835,1
0.8954441,1
0.70167965,0
0.44013652,0
0.22273943,1
0.031641245,0
0.021755816,0
0.98666894,1
0.22165322,1
0.990514,0
0.99905455,1
0.9118209,1
0.98686635,1
0.9815739,1
0.43445438,0
0.9699171,1
0.035678927,0
0.8873553,1
0.02153154,0
0.9954759,1
0.9243666,1
0.006213232,0
0.015499121,0
0.09170303,0
0.06409809,0
0.9973098,1
0.6084818,0
0.84816647,1
0.014201982,0
0.98702633,1
0.000779169,0
0.00041864478,0
0.001937804,0
0.9604486,1
0.86828977,1
0.97549736,1
0.98485595,1
0.99486506,1
0.86694324,1
0.009719705,0
0.033501875,0
0.93153894,1
0.5547373,1
0.5486413,1
0.04205993,0
0.94098014,1
0.5163503,0
0.84340733,1
0.98375905,1
0.9776856,1
0.06615205,0
0.9975406,1
0.99789715,1
0.0020296962,0
0.011188682,0
0.9762635,1
0.9737991,1
0.9604291,1
0.03511707,0
0.9961256,1
0.09178206,0
0.9960089,1
0.9977767,1
0.7518783,0
0.9442855,1
0.013569742,0
0.043350205,0
0.29490942,0
0.046163686,0
0.08282166,0
0.024063757,0
0.20005699,0
0.9766035,1
0.78556126,1
0.4127292,1
0.034788534,0
0.4513146,0
0.8109416,0
0.9962536,1
0.6470271,1
0.91017616,1
0.9509746,1
0.5808957,1
0.055463254,0
0.019371666,0
0.88481414,1
0.30744427,0
0.75485206,0
0.10342852,1
0.9548895,1
0.028022926,1
0.15440285,0
0.32645845,0
0.7570544,1
0.03769972,0
0.9995512,1
0.094792955,0
0.17572187,0
0.8724371,1
0.022582095,0
0.012034998,0
0.9964223,1
0.99935037,1
0.9790093,1
0.025326768,0
0.0026486132,0
0.30028567,1
0.9033209,1
0.0018547348,0
0.6134953,1
0.4482068,1
0.24970257,0
0.88175905,1
0.6897217,0
0.9947165,1
0.99911225,1
0.010008486,0
0.015925542,0
0.011872667,0
0.0036161214,0
0.8373574,1
0.99170417,1
0.7878959,1
0.043786272,1
0.9896668,1
0.9704894,1
0.3263697,1
0.48958692,0
0.77935594,1
0.9765583,1
0.9814092,1
0.99164516,1
0.9346083,1
0.97517836,1
0.98593795,1
0.7803972,0
0.4628478,1
0.005203253,0
0.6670289,0
0.99795926,1
0.99957764,1
0.32330388,1
0.55907255,1
0.8041237,1
0.98919535,1
0.0033756003,0
0.95135784,1
0.989381,1
0.051606245,0
0.92769766,0
0.75091416,1
0.56014276,1
0.053326797,0
0.97051084,1
0.008810376,0
0.6601598,1
0.99760616,1
0.9783858,1
0.3241918,0
0.004772345,0
0.97392386,1
0.99043196,1
0.9881401,1
0.9821308,1
0.015171598,0
0.9601949,1
0.98359025,1
0.5889747,0
0.8563179,1
0.40773338,0
0.95457065,1
0.4171638,0
0.9972439,1
0.060020454,0
0.9093479,1
0.9589578,1
0.002961098,0
0.00868159,0
0.017821752,0
0.30012697,0
0.08438605,0
0.9115742,1
0.015674224,0
0.18471648,0
0.99813735,1
0.54754704,1
0.0047974205,0
0.9146102,1
0.84757006,1
0.98843175,1
0.3977019,0
0.0006277903,0
0.030938502,0
0.03296976,0
0.3281647,0
0.97552127,1
0.80789983,1
0.29042253,0
0.85491097,1
0.082145445,0
0.9773029,1
0.99763024,1
0.95053434,1
0.8065001,1
0.9670113,1
0.017967775,0
0.25358117,0
0.017270742,0
0.00750257,0
0.983127,1
0.30745304,0
0.020722978,0
0.007824736,0
0.45104185,0
0.0025684212,0
0.026854828,0
0.90988195,1
0.3623692,0
0.94716245,1
0.99832183,1
0.996688,1
0.9988972,1
0.1486051,0
0.99789315,1
0.9586135,1
0.1280269,0
0.70482945,0
0.9878007,1
0.40006685,0
0.9775053,1
0.19991611,0
0.05869441,0
0.7950855,1
0.997435,1
0.10679151,0
0.0021375034,0
0.0072781006,0
0.9469515,0
0.012509087,0
0.94724643,1
0.98349714,1
0.03238385,1
0.019595793,0
0.9883749,1
0.7442044,1
0.93340605,1
0.9988555,1
0.0031458028,0
0.004762402,0
0.8019369,1
0.44057602,0
0.4228197,0
0.9893924,1
0.03595256,0
0.98936045,1
0.9868523,1
0.006287864,0
0.9873167,1
0.9694084,1
0.018701201,0
0.36392757,1
0.92554265,1
0.97981966,1
0.98768556,1
0.85891485,1
0.0035105557,0
0.62507546,0
0.995541,1
0.8044655,0
0.9944638,1
0.014601873,0
0.45346513,1
0.91362685,1
0.021708721,0
0.05986827,0
0.017331854,0
0.53436595,1
0.9921854,1
0.005136201,0
0.9965836,1
0.95003426,1
0.4871106,1
0.9991933,1
0.95495063,1
0.9973527,1
0.9981766,1
0.7916418,1
0.038690004,0
0.7191225,1
0.9974694,1
0.99653995,1
0.0039001652,0
0.99641705,1
0.13095841,0
0.98411167,1
0.0025004488,0
0.9760801,1
0.021338137,0
0.49148494,0
0.91394156,1
0.6522984,1
0.9760729,1
0.015115516,0
0.99505156,1
0.99956495,1
0.9966788,1
0.006883061,0
0.9954726,1
0.0033107433,0
0.058320127,0
0.09551086,0
0.005477365,0
0.9842839,1
0.98825836,1
0.004231079,0
0.006913551,0
0.936296,0
0.3806919,0
0.84744406,1
0.061972298,0
0.99360114,1
0.023924565,0
0.9730425,1
0.9293828,1
0.16731873,0
0.27974242,1
0.923464,1
0.008398098,0
0.16671188,1
0.7543985,1
0.9909706,1
0.0056922077,0
0.9851017,1
0.08967589,0
0.025580857,0
0.012547253,0
0.79710114,1
0.011632183,0
0.994068,1
0.010385064,0
0.23711732,0
0.99768066,1
0.049407363,0
0.43791524,1
0.98857486,1
0.091983244,0
0.75507426,1
0.0015003583,0
0.003578981,0
0.9944441,1
0.2824466,0
0.9542235,0
0.19296286,0
0.15946452,1
0.86144936,1
0.8879608,1
0.001181767,0
0.014524299,0
0.008402614,0
0.31951556,0
0.07647846,0
0.74090487,1
0.70924044,1
0.90691584,1
0.92778337,1
0.9208518,1
0.01863868,0
0.12139752,0
0.9770791,1
0.004303767,0
0.0021499598,0
0.85446966,1
0.0048741316,0
0.6618747,0
0.86046636,1
0.85904837,1
0.8132595,1
0.013033604,0
0.87797946,1
0.02423446,0
0.092706926,0
0.9955913,1
0.027759934,1
0.0012574543,0
0.99898636,1
0.041777555,0
0.89597,1
0.024458619,1
0.6548231,1
0.023180643,0
0.0087470375,0
0.27106363,1
0.99038637,1
0.0042236587,0
0.97676384,1
0.010870175,0
0.922159,1
0.9985198,1
0.9050261,1
0.03933776,1
0.5390659,1
0.98670113,1
0.97763443,1
0.2578452,1
0.0016751863,0
0.0125988405,0
0.9987097,1
0.031815812,0
0.82885486,1
0.32603642,1
0.6652476,1
0.047262605,0
0.98126423,1
0.006943674,0
0.88826597,1
0.9411224,1
0.04221838,0
0.8960475,1
0.37576485,1
0.9830505,1
0.44485173,0
0.934564,0
0.11514811,0
0.004626182,0
0.012340017,0
0.99711025,1
0.009543408,0
0.9284638,1
0.006334427,0
0.99901944,1
0.028595626,0
0.9123443,1
0.004876813,0
0.94589025,1
0.19127156,0
0.9921358,1
0.012947245,0
0.8432372,1
0.6711095,0
0.9292935,1
0.0013785904,0
0.19375066,0
0.30357045,0
0.34203064,1
0.8949038,1
0.9903656,1
0.81127775,1
0.16749686,0
0.9980547,1
0.079478234,0
0.9397768,1
0.18959054,0
0.8669008,1
0.9987465,1
0.83871925,1
0.64107376,1
0.002261806,0
0.1777079,0
0.9661773,1
0.007762821,0
0.37126246,1
0.02153235,0
0.99688494,1
0.041749228,1
0.15280081,0
0.47502795,0
0.14704064,0
0.70437247,1
0.011866823,0
0.26418766,1
0.06103461,0
0.959761,1
0.99208575,1
0.99359435,1
0.0015025724,0
0.39769337,0
0.9766108,1
0.7949119,1
0.9626218,1
0.04414904,0
0.99848986,1
0.92141855,1
0.9990336,1
0.0028432815,0
0.004075135,0
0.99909985,1
0.00027532215,0
0.46402797,0
0.80929965,1
0.97676814,1
0.020306677,0
0.57308507,0
0.14608055,0
0.9995967,1
0.99706566,1
0.9593667,1
0.014786081,0
0.28896752,0
0.97890645,1
0.99486095,1
0.9974698,1
0.98810655,1
0.056184433,0
0.0009856495,0
0.99724376,1
0.9869415,1
0.91084945,1
0.009017923,0
0.9799698,1
0.022450872,0
0.04818719,0
0.12546468,0
0.013838371,0
0.7834808,1
0.99814147,1
0.118073955,0
0.93629897,1
0.0029367579,0
0.003824213,0
0.9917897,1
0.00076946564,0
0.9283969,1
0.9990567,1
0.003796778,0
0.69003737,1
0.9682889,1
0.83338344,1
0.06512361,0
0.8989879,1
0.99855834,1
0.9944048,1
0.82556266,1
0.9740753,1
0.9646772,1
0.22331178,1
0.060319245,0
0.3282282,0
0.9884445,1
0.99803627,1
0.033847395,0
0.078328945,1
0.0034114118,0
0.9953283,1
0.6821492,1
0.36354217,0
0.18406306,0
0.78606635,1
0.9905001,1
0.016832875,0
0.0011907462,0
0.9779359,1
0.23965912,1
0.92900693,1
0.09937648,0
0.80865633,1
0.5828601,0
0.9209272,1
0.9778029,1
0.7989282,1
0.087123215,0
0.8471881,0
0.99536467,1
0.53169984,1
0.01593656,0
0.24271992,0
0.0870019,0
0.9934081,1
0.0076587396,0
0.5167875,0
0.99639046,1
0.9787067,1
0.012460697,0
0.66758686,1
0.46601182,0
0.09460606,0
0.9866873,1
0.9743705,1
0.12588517,0
0.8885704,1
0.1320092,0
0.99619615,1
0.7660936,0
0.047431882,0
0.0765421,0
0.440239,0
0.015184763,0
0.33974156,0
0.0034887318,0
0.042119354,0
0.29151586,0
0.04051071,0
0.9799403,1
0.46545833,0
0.99725085,1
0.63462436,1
0.15030141,1
0.3387177,0
0.04749549,0
0.35815033,0
0.06166221,0
0.025264656,0
0.9723614,1
0.9970983,1
0.9771973,1
0.50631493,1
0.042888913,0
0.08414653,0
0.9976368,1
0.6003504,1
0.9750365,1
0.98835564,1
0.17983922,0
0.8759815,1
0.09182474,0
0.06923835,0
0.23040669,0
0.89024746,0
0.17971967,0
0.98117554,1
0.8904985,1
0.99877083,1
0.99140775,1
0.968439,1
0.99412024,1
0.6293694,1
0.99173623,1
0.9906999,1
0.99807703,1
0.9417669,1
0.010462523,0
0.95975745,1
0.995317,1
0.9786129,1
0.9858823,1
0.1377671,0
0.29701734,1
0.00476473,0
0.9986912,1
0.9989463,1
0.4020149,0
0.07108614,0
0.19438964,1
0.015644949,0
0.9984602,1
0.46898222,1
0.99357444,1
0.5550781,0
0.9992784,1
0.99084723,1
0.19824229,0
0.0037344587,0
0.19894278,0
0.08199342,0
0.21938498,0
0.6180417,1
0.044573393,0
0.960884,1
0.0009882145,0
0.4403332,0
0.43273038,1
0.0039304495,0
0.001339302,0
0.99546444,1
0.49234548,0
0.1307124,0
0.06676718,0
0.0032512054,0
0.9988968,1
0.992462,1
0.16143826,0
0.349661,0
0.79557645,1
0.99935687,1
0.27560765,0
0.0014063349,0
0.002902,0
0.034144714,0
0.02430844,0
0.028685074,0
0.38864946,0
0.4584431,1
0.9737129,1
0.9963225,1
0.034406215,0
0.00943673,0
0.9785323,1
0.054856382,0
0.9234338,1
0.007490004,0
0.8379723,1
0.11818457,0
0.74756455,1
0.94081247,1
0.03357092,0
0.36990964,1
0.2118948,0
0.99837047,1
0.18785092,0
0.061765842,0
0.0048889653,0
0.93125975,1
0.9937116,1
0.9286951,1
0.99572295,1
0.00526209,0
0.9267934,1
0.99844044,1
0.35892078,0
0.0021320637,0
0.37345818,0
0.15857218,1
0.6352282,0
0.9759472,1
0.28222713,0
0.36889306,0
0.06768168,0
0.087715946,0
0.0036424096,0
0.0025949946,0
0.04923087,0
0.92136496,1
0.9516031,1
0.7194196,0
0.06264557,0
0.98418915,1
0.07188805,0
0.9979722,1
0.022168986,0
0.9248477,1
0.9941341,1
0.99840814,1
0.5682681,0
0.96093434,1
0.97769105,1
0.98263854,1
0.22402449,1
0.015305492,0
0.052888177,0
0.9871597,1
0.1284269,0
0.9576992,1
0.41606626,1
0.9871422,1
0.018172976,0
0.2416136,0
0.015496261,1
0.9957569,1
0.77670234,1
0.99092305,1
0.83140385,1
0.95161355,1
0.95345414,1
0.0034079526,0
0.017588234,0
0.008574667,0
0.44963568,0
0.99787223,1
0.9781618,1
0.08300375,1
0.9128343,1
0.2628521,1
0.01075038,0
0.011493382,0
0.04549185,0
0.009741618,1
0.96709406,1
0.9977934,1
0.011232469,0
0.6035705,1
0.9387291,1
0.99591386,1
0.9923544,1
0.010363911,0
0.020191843,0
0.62587225,1
0.997105,1
0.6061048,1
0.98601997,1
0.98122805,1
0.55069304,0
0.009915154,0
0.0239518,0
0.9619354,1
0.9938923,1
0.0061479295,0
0.13531607,0
0.23900655,0
0.023120256,0
0.097551756,0
0.9821989,1
0.017180774,0
0.9945442,1
0.9971175,1
0.944475,1
0.0027240044,0
0.9968131,1
0.1808825,0
0.8875739,1
0.9896515,1
0.9975914,1
0.002350768,0
0.0057055824,0
0.9951782,1
0.58221763,0
0.992853,1
0.9873249,1
0.019532165,0
0.30082554,0
0.9981912,1
0.0758559,0
0.9536707,1
0.11376743,0
0.022251545,0
0.59272367,1
0.9951391,1
0.89853144,0
0.5711399,1
0.1437057,0
0.99823874,1
0.22660708,0
0.0015901454,0
0.47599953,1
0.9959196,1
0.9735015,1
0.0023855588,0
0.0020465537,1
0.040010847,0
0.8366312,0
0.99821204,1
0.0026519243,0
0.75512344,1
0.20818603,0
0.9472184,1
0.37094915,0
0.99295557,1
0.23090005,1
0.005775866,0
0.99679154,1
0.99851,1
0.77770555,0
0.06920625,0
0.9952485,1
0.058532942,0
0.9869019,1
0.896871,1
0.016126167,0
0.98661184,1
0.4587285,1
0.9872937,1
0.99687845,1
0.98554975,1
0.85826385,1
0.030113235,0
0.06826519,0
0.99918115,1
0.83705914,1
0.8021226,1
0.9941107,1
0.9974927,1
0.99282277,1
0.7208751,1
0.9792054,1
0.9977689,1
0.0054033957,0
0.99846375,1
0.9976816,1
0.46197405,1
0.7776011,1
0.94386995,0
0.73872954,0
0.007422121,0
0.991721,1
0.80100614,0
0.0025370775,0
0.9749322,0
0.008421913,0
0.58214426,1
0.99801624,1
0.048630904,0
0.9948084,1
0.6961652,1
0.9899198,1
0.005818754,0
0.96345997,1
0.05424396,0
0.14595434,1
0.9964551,1
0.14197947,1
0.5036069,0
0.05185426,0
0.7926965,1
0.09549488,1
0.5315353,1
0.9417345,1
0.0055169705,0
0.59761053,1
0.04794132,0
0.18801826,0
0.97857535,1
0.8161942,1
0.009081441,0
0.25193045,0
0.9982163,1
0.9299334,1
0.027797496,0
0.9195019,1
0.5122968,1
0.99497044,1
0.32302374,0
0.9981755,1
0.0013881584,0
0.9913317,1
0.44229656,0
0.9967767,1
0.8228079,1
0.012827757,0
0.9396411,1
0.017670691,0
0.0010587092,0
0.9720532,1
0.042664617,0
0.04136103,0
0.99744284,1
0.99642086,1
0.028880501,1
0.032634515,0
0.98217666,1
0.99562705,1
0.21803916,0
0.9941095,1
0.028978938,0
0.9962389,1
0.4862749,1
0.99050176,1
0.9376733,1
0.949767,1
0.9882228,1
0.9519304,1
0.19787574,0
0.9927659,1
0.50764024,1
0.6815672,0
0.02513637,0
0.76155305,1
0.0049133166,0
0.9974521,1
0.9932868,1
0.88045967,1
0.010421013,0
0.98119175,1
0.012341249,0
0.9939767,1
0.13010499,0
0.3590225,0
0.98886216,1
0.79294837,1
0.99656886,1
0.9778756,1
0.026074136,0
0.9354904,1
0.3793569,0
0.016922599,0
0.9845482,1
0.3201792,0
0.8864294,1
0.86671525,1
0.02286593,0
0.44898748,0
0.5871913,1
0.16011831,0
0.0039057974,0
0.21053693,0
0.00523522,0
0.9732593,1
0.78906065,1
0.0035442642,0
0.9903344,1
0.94476813,1
0.18637556,1
0.155729,0
0.0023439317,0
0.25954634,1
0.9911529,1
0.8464977,0
0.46137843,0
0.004500251,0
0.9863823,1
0.9991862,1
0.96124375,1
0.998287,1
0.015707165,0
0.041190036,0
0.98508155,1
0.08963285,1
0.06316131,0
0.9981743,1
0.009726909,0
0.3789607,1
0.9865495,1
0.99142647,1
0.9823247,1
0.018601408,0
0.963658,1
0.99463594,1
0.9848043,1
0.94971216,1
0.007570073,0
0.7502336,0
0.8463877,1
0.098561116,1
0.95271283,1
0.6058078,0
0.9958893,1
0.97991973,1
0.0039058342,0
0.9951612,1
0.9823195,1
0.9413883,1
0.93352383,1
0.18449055,0
0.03811679,0
0.29697135,0
0.020160027,0
0.042308748,1
0.9922763,1
0.9786192,1
0.99801147,1
0.27526468,0
0.12542385,0
0.9917687,1
0.58245903,1
0.99942255,1
0.034129806,0
0.0009826532,0
0.06704741,0
0.0014468203,0
0.97688115,1
0.0143368635,0
0.0011448544,0
0.007282631,0
0.0069637685,0
0.3076262,0
0.73545974,0
0.7223897,0
0.88992107,1
0.5845358,1
0.8872182,1
0.40410548,1
0.9834421,1
0.16160367,0
0.9560572,1
0.6655692,1
0.81295794,1
0.6781926,1
0.8365245,1
0.79325205,1
0.56053144,1
0.16051976,0
0.8248356,0
0.0034967575,0
0.02784353,0
0.9986746,1
0.89534456,1
0.019576596,0
0.05724017,0
0.054864597,0
0.009289646,0
0.032727335,0
0.95833445,0
0.08740204,1
0.93809307,1
0.98204315,1
0.8133443,1
0.9565631,0
0.78672004,1
0.28088534,0
0.10027263,0
0.9090125,1
0.042092323,0
0.0033446148,0
0.039791964,0
0.7106193,1
0.05969035,0
0.98255384,1
0.9663693,0
0.21928363,0
0.006475554,0
0.9953415,1
0.0013894393,0
0.25614282,0
0.76716864,1
0.9795221,1
0.31606227,1
0.59569424,1
0.7877341,1
0.071643166,0
0.89942056,1
0.9948534,1
0.99393684,1
0.94872904,1
0.9407401,0
0.012326507,0
0.8413593,0
0.59829825,1
0.994973,1
0.2092052,0
0.96708333,1
0.99450797,1
0.17296259,0
0.002673231,0
0.24048516,0
0.019107742,0
0.9965555,1
0.8634218,1
0.9856699,1
0.86355895,1
0.9781639,1
0.9403933,1
0.84796685,1
0.9400943,1
0.0468035,0
0.9953434,1
0.9990182,1
0.12262245,0
0.88166124,1
0.036836766,0
0.3176129,0
0.9668582,1
0.9542829,1
0.9785279,1
0.0037623434,0
0.28313908,0
0.036485024,0
0.9731466,1
0.8875145,1
0.2752602,1
0.8234335,1
0.8399261,1
0.99703836,1
0.982633,1
0.9919057,1
0.5390945,0
0.0120934285,1
0.011185628,0
0.9097315,1
0.9877555,1
0.9492,1
0.007177799,0
0.93452215,1
0.9770478,1
0.69363457,1
0.26948553,1
0.98684037,1
0.9981558,1
0.9701813,1
0.9991237,1
0.1056181,0
0.95666313,1
0.23606682,1
0.005417966,0
0.99527466,1
0.005603366,0
0.7232913,1
0.995232,1
0.94863,1
0.9383419,1
0.010137716,0
0.012025251,0
0.2453973,0
0.99647987,1
0.11885259,0
0.96993256,1
0.98954964,1
0.99448746,1
0.555352,0
0.99839324,1
0.20126316,0
0.0022561722,0
0.9997469,1
0.56161964,0
0.0036735751,0
0.2777212,1
0.005435103,0
0.36560398,1
0.031562816,0
0.971398,1
0.5681705,0
0.89261323,1
0.99006253,1
0.6393751,1
0.43521434,0
0.97484744,1
0.6862522,1
0.985326,1
0.02674992,0
0.4156918,1
0.8210758,1
0.99726105,1
0.81465036,1
0.45460758,0
0.01660054,0
0.05948161,0
0.7607273,1
0.0014196816,0
0.048966747,0
0.015332702,0
0.8979287,1
0.9420902,1
0.016268676,0
0.96278584,1
0.23944613,0
0.009130438,0
0.87419784,1
0.9176841,1
0.99830866,1
0.0676962,0
0.059034694,0
0.99195004,1
0.049027007,0
0.4915511,1
0.9186164,1
0.4092179,0
0.9894047,1
0.99885786,1
0.077900454,0
0.0044051646,0
0.99872625,1
0.8789288,1
0.002332469,0
0.8428248,1
0.99766624,1
0.94281876,1
0.18899828,1
0.9731714,1
0.0029020112,0
0.013940593,0
0.99606895,1
0.010742391,0
0.67624575,1
0.9178139,1
0.99028265,1
0.032214575,0
0.9971115,1
0.9668347,1
0.9996005,1
0.045245696,0
0.037374187,0
0.0041064587,0
0.99269307,1
0.008559593,0
0.012474741,0
0.8201931,1
0.9983696,1
0.9961051,1
0.9972707,1
0.009495418,0
0.9822464,1
0.9859394,1
0.19853237,0
0.98731995,1
0.99473083,1
0.6258824,0
0.9917573,1
0.6353817,0
0.4026906,1
0.0037454546,0
0.12303132,0
0.043034043,0
0.96605694,1
0.9718367,1
0.9421271,1
0.014757012,0
0.9992472,1
0.0018069039,0
0.14189057,0
0.8807089,1
0.6170026,0
0.07076613,0
0.96596605,1
0.011555083,0
0.97272575,1
0.99161756,1
0.058947396,0
0.1718676,0
0.39899912,0
0.0024738195,0
0.68604445,1
0.99651563,1
0.09930267,0
0.99001944,1
0.06316744,0
0.6942379,1
0.8041552,1
0.11842843,0
0.024749083,0
0.011679015,0
0.7362298,0
0.01444714,0
0.9832479,1
0.90519696,1
0.8319845,1
0.993849,1
0.96467894,1
0.016230432,0
0.61552733,1
0.0032679432,0
0.9813117,1
0.9876726,1
0.020731887,0
0.020361885,0
0.99404824,1
0.18397662,0
0.0076418733,0
0.1091914,0
0.9773923,0
0.97879136,1
0.017108243,0
0.9865581,1
0.99917734,1
0.8395022,1
0.010258367,0
0.336049,0
0.97537076,1
0.95434046,1
0.0016591825,0
0.8899292,1
0.80959237,1
0.98714316,1
0.7791833,1
0.0030540207,0
0.123302974,0
0.99468535,1
0.985816,1
0.6694933,1
0.8397838,1
0.27635372,0
0.99761665,1
0.08236272,0
0.9978325,1
0.02091581,0
0.99352896,1
0.94946414,1
0.028987939,0
0.99477255,1
0.057366658,0
0.38416123,1
0.11051192,0
0.9813169,1
0.0016549204,0
0.99445516,1
0.38711935,1
0.049104664,0
0.57922465,0
0.594636,1
0.9823057,1
0.11626031,0
0.0064489758,0
0.9704216,1
0.035025366,0
0.03167112,0
0.9218974,1
0.035740536,0
0.5863792,1
0.31974614,1
0.9935156,1
0.10124491,1
0.003177464,0
0.99136794,1
0.7472717,0
0.92851937,1
0.8127456,0
0.99564564,1
0.09763253,0
0.0037358445,0
0.003551154,0
0.9967743,1
0.34508127,0
0.14383675,0
0.012273292,0
0.9963576,1
0.27566004,0
0.95570385,1
0.98632944,1
0.006511836,0
0.9943693,1
0.9813281,1
0.18103205,0
0.005746551,0
0.0054392316,0
0.96097386,1
0.94936454,1
0.022040525,0
0.8951461,1
0.99418384,1
0.03497218,0
0.17612539,0
0.01875191,0
0.9079555,1
0.122645155,1
0.33059964,0
0.99861544,1
0.9913594,1
0.8396274,1
0.804657,1
0.042043727,0
0.042360246,0
0.8547513,0
0.122031964,0
0.9945709,1
0.99927396,1
0.022481875,0
0.35994545,1
0.121607825,0
0.98068637,1
0.006812821,0
0.29091734,1
0.994064,1
0.9899276,1
0.24978392,1
0.9931661,1
0.16635312,1
0.98182076,1
0.013123284,0
0.16511568,0
0.23913753,0
0.037577197,0
0.9179388,1
0.426061,1
0.8967703,1
0.4854911,0
0.992766,1
0.57753044,1
0.34903276,0
0.0027542138,0
0.0014706266,0
0.9166964,1
0.6600932,0
0.24420801,0
0.8194109,1
0.99928176,1
0.98517066,0
0.05884298,0
0.39936867,1
0.12560616,0
0.59443843,0
0.01823498,0
0.0035515588,0
0.9367014,1
0.009677439,0
0.39836434,0
0.96721286,1
0.9595672,1
0.19658566,0
0.9494759,1
0.92294014,1
0.9888018,1
0.9421293,0
0.6193421,0
0.6265327,1
0.6653748,0
0.92032087,1
0.9783429,1
0.5574969,0
0.31221035,0
0.9775156,1
0.012125012,0
0.002750328,0
0.9993248,1
0.45550436,0
0.17314352,0
0.15383105,0
0.7569685,1
0.09735329,0
0.18896121,1
0.9681842,1
0.90277654,1
0.047199734,0
0.2914445,0
0.53176516,1
0.007136955,0
0.9651788,1
0.5389892,1
0.17307712,1
0.97841966,1
0.88614666,1
0.99221087,1
0.9083449,1
0.17392838,0
0.67883205,1
0.30575305,0
0.98960054,1
0.1732292,1
0.5231795,1
0.9808607,1
0.19429995,0
0.97983944,1
0.002723489,0
0.022919845,0
0.99953604,1
0.082622446,0
0.15734895,1
0.0027272862,0
0.9964226,1
0.9106762,1
0.12102194,0
0.69483817,0
0.05339145,0
0.9830767,1
0.02003515,0
0.9849454,1
0.99131423,1
0.11572331,0
0.9073618,0
0.99802196,1
0.019915242,0
0.0036377907,0
0.944475,1
0.09921329,0
0.3457064,1
0.9984268,1
0.1971772,1
0.9734743,1
0.15988024,0
0.86405265,1
0.9836769,1
0.8212043,1
0.996161,1
0.04679022,0
0.17697069,1
0.08642125,0
0.8013896,0
0.84473383,1
0.9550384,1
0.04838652,0
0.12705351,1
0.75321645,0
0.0024035505,0
0.013092158,0
0.99302685,1
0.028310027,0
0.74245507,1
0.030212793,0
0.002498026,0
0.0059783063,0
0.9798624,1
0.12619986,0
0.09234729,0
0.99382,1
0.007950015,0
0.045436982,0
0.99695885,1
0.022572799,1
0.16087419,0
0.98463535,1
0.9962282,1
0.99775755,1
0.003032857,0
0.9971622,1
0.9973324,1
0.9981572,1
0.99504435,1
0.9686882,1
0.9905561,1
0.6024939,0
0.004667397,0
0.7175777,1
0.61513907,0
0.039198466,0
0.99905664,1
0.0050756717,0
0.036654513,0
0.7345325,1
0.72071993,1
0.028935686,0
0.12593406,0
0.9978714,1
0.9981414,1
0.926164,1
0.004190939,0
0.9867222,1
0.83252037,1
0.29741862,0
0.006090105,0
0.042760428,0
0.0027911894,0
0.5510983,1
0.014428216,0
0.00053580274,0
0.3931333,0
0.9846426,1
0.99935496,1
0.85935295,1
0.9683329,1
0.5125648,0
0.98829997,1
0.030249983,0
0.9146019,0
0.004038442,0
0.0018688145,0
0.9915999,1
0.9217518,1
0.28270066,1
0.6060905,1
0.3166506,0
0.9658998,1
0.09217052,1
0.02897123,0
0.99441814,1
0.96201646,1
0.82306594,1
0.9994074,1
0.021405775,0
0.0013790532,0
0.027046883,0
0.0030754942,0
0.8350383,1
0.7513838,0
0.47408104,0
0.94035417,1
0.013204468,0
0.0285379,0
0.6110058,1
0.9914214,1
0.83208466,1
0.017045517,0
0.7640941,1
0.8423082,0
0.77789414,1
0.5006986,0
0.8525804,1
0.99473727,1
0.883382,1
0.9922863,1
0.88687307,0
0.96083415,1
0.7556637,1
0.018283084,0
0.9463979,1
0.0046295486,0
0.009679536,0
0.98906887,1
0.13150762,0
0.96363163,1
0.18211602,0
0.90160733,1
0.048431225,0
0.0067065684,0
0.0052461154,0
0.9849466,1
0.99742186,1
0.8680174,1
0.0033243485,0
0.99678975,1
0.98930204,1
0.76858866,1
0.99581826,1
0.42715663,1
0.68240774,1
0.08713784,1
0.9840109,1
0.6591586,1
0.0687502,0
0.9645816,1
0.007076281,0
0.0089426655,0
0.1048836,0
0.9610909,1
0.9726159,1
0.9730609,1
0.7878055,1
0.25150204,0
0.12990835,0
0.987641,1
0.024304995,0
0.97444355,1
0.9830163,1
0.016046634,0
0.0019396521,0
0.56645167,0
0.99817514,1
0.9641696,1
0.0399852,0
0.92208576,1
0.94046277,1
0.9960853,1
0.36969328,0
0.4331914,0
0.99740124,1
0.37529942,0
0.9963524,1
0.92309487,1
0.9987401,1
0.987265,1
0.85643643,1
0.6170071,1
0.009481924,0
0.038045954,0
0.19553687,0
0.95581234,1
0.9559849,1
0.9957889,1
0.19816427,1
0.6711122,1
0.9958027,1
0.0015119482,0
0.24959464,1
0.009211933,0
0.98357725,1
0.9948555,1
0.998769,1
0.048302248,0
0.24464384,0
0.911352,1
0.7000805,0
0.93773985,1
0.058108807,0
0.9887296,1
0.99538815,1
0.9926308,1
0.00089775596,0
0.0037328317,0
0.98201436,1
0.9971858,1
0.40239245,1
0.004688814,0
0.63314867,1
0.74421996,1
0.9465601,1
0.036718387,0
0.2938459,0
0.56118286,0
0.09380142,0
0.029890101,0
0.9845151,1
0.70331246,0
0.994211,1
0.005024694,0
0.9952709,1
0.9492075,1
0.021969453,0
0.84125626,1
0.1940257,1
0.98561823,1
0.06124694,0
0.7223686,1
0.0033742946,0
0.092429735,1
0.9960311,1
0.99894315,1
0.9898526,1
0.9913777,1
0.9747421,1
0.37637678,0
0.6372646,0
0.5182619,1
0.0022918985,0
0.9847957,1
0.811681,1
0.99952364,1
0.06952908,0
0.8198441,0
0.99892795,1
0.4183876,0
0.9998005,1
0.005792478,0
0.7593921,0
0.036753442,0
0.6597837,1
0.016455775,0
0.0060016583,0
0.9997941,1
0.90401906,1
0.9315127,1
0.08661391,0
0.11994846,0
0.4330576,1
0.29280844,0
0.0008867431,0
0.9840023,1
0.9861702,1
0.86548644,1
0.7811997,1
0.053032387,0
0.9428202,1
0.0031893495,0
0.99437535,1
0.8560759,1
0.13663615,1
0.008652714,0
0.7048386,1
0.96679384,1
0.99829423,1
0.98745763,1
0.007035068,0
0.16731302,0
0.9551691,1
0.9972271,1
0.85964406,1
0.041833054,0
0.9614304,1
0.9988507,1
0.23939097,1
0.9755887,1
0.9044913,1
0.9935009,1
0.982959,1
0.44273478,1
0.9633876,1
0.981465,1
0.99787724,1
0.99095833,1
0.10510494,0
0.919227,1
0.99079216,1
0.9369694,1
0.8592184,1
0.80917454,1
0.20235686,1
0.6948873,1
0.11580737,0
0.9966057,1
0.92255175,1
0.5065634,0
0.99742967,1
0.39194384,0
0.09948775,0
0.1389656,0
0.0010157842,0
0.98772776,1
0.032032277,0
0.005542548,0
0.9473821,1
0.98448503,1
0.4134137,0
0.96457183,1
0.00079611863,0
0.8676158,1
0.026699895,0
0.6748361,0
0.20591883,0
0.7557879,1
0.9897026,1
0.4497629,1
0.013521472,0
0.9991714,1
0.9729845,1
0.98942244,1
0.6572285,1
0.00265468,0
0.8955426,1
0.24762592,0
0.08959365,0
0.8870877,1
0.6625269,1
0.86925924,1
0.33695856,1
0.7818401,1
0.010127663,0
0.8195879,1
0.9528394,1
0.9273079,1
0.9927343,1
0.9219378,1
0.8568059,1
0.83368826,1
0.27073532,1
0.14689772,0
0.91961205,1
0.8844307,1
0.07602708,0
0.14395252,0
0.62337667,0
0.997894,1
0.669912,0
0.9938754,1
0.4974143,0
0.77358884,1
0.08084576,0
0.0012038465,0
0.0039668437,0
0.9993698,1
0.91021997,1
0.90998805,1
0.89722264,1
0.9706832,1
0.6489975,0
0.9929387,1
0.99108106,1
0.015306564,1
0.9958805,1
0.99073774,1
0.013772917,0
0.90089434,1
0.26378384,1
0.9916412,1
0.9410364,1
0.25682572,0
0.858678,0
0.72010905,1
0.9984418,1
0.03276461,0
0.9764574,0
0.32471994,0
0.0035298984,0
0.99922645,1
0.47351366,1
0.48227972,0
0.025749013,0
0.8855485,1
0.9933857,1
0.96469706,1
0.97512656,1
0.99713385,1
0.0058180178,0
0.019962555,0
0.1304935,0
0.018175682,0
0.03040818,0
0.08679618,0
0.53119016,0
0.062072508,0
0.6436177,0
0.9968975,1
0.5669456,1
0.96039855,1
0.014860334,0
0.0017251059,0
0.011849357,0
0.01341637,0
0.0017401153,0
0.9943119,1
0.12192245,0
0.99919,1
0.02883162,0
0.9904068,1
0.98320657,1
0.48407403,1
0.99980336,1
0.47756058,1
0.10387121,0
0.008081119,0
0.99759644,1
0.0048280214,0
0.30650192,0
0.13563067,0
